fecha,turno,maquina,producidas,defectuosas,temperatura
07/09/2026,MAÑANA,M01,889,62.0,102.6
2026-09-07,Mañana,M-02,1574,146.0,23.9
2026-09-08,Mañana,M-03,1327,131.0,37.7
2026-09-09,Mañana,M-04,1776,74.0,31.0
2026-09-10,Tarde,M-01,1300,147.0,34.9
2026-09-11,Tarde,m-02,1171,,30.9
2026-09-12,TARDE,M-03,1250,100.0,23.3
13/09/2026,Tarde,M-04,1027,107.0,34.6
2026-09-14,Noche,M-01,965,60.0,41.4
2026-09-15,Noche,M-02,1558,172.0,99.7
2026-09-16,Noche,M03,1560,112.0,22.9
2026-09-17,Noche,M-04,994,44.0,"35,7"
2026-09-18,MAÑANA,M-01,1800,1801.0,28.5
2026-09-19,Mañana,M-02,1545,98.0,31.4
20/09/2026,Mañana,M-03,1596,67.0,31.5
2026-09-21,Mañana,m-04,989,50.0,35.4
2026-09-22,Tarde,M-01,1741,183.0,36.0
2026-09-23,Tarde,M-02,1237,,38.6
2026-09-24,TARDE,M-03,1235,80.0,82.0
2026-09-25,Tarde,M-04,1605,147.0,24.8
2026-09-26,Noche,M01,1633,50.0,37.7
27/09/2026,Noche,M-02,1000,90.0,36.1
2026-09-28,Noche,M-03,1077,77.0,"33,4"
2026-09-29,Noche,M-04,1581,67.0,24.3
2026-09-30,MAÑANA,M-01,1240,90.0,33.3
2026-10-01,Mañana,m-02,1469,145.0,34.7
2026-10-02,Mañana,M-03,1365,110.0,28.1
2026-10-03,Mañana,M-04,1354,44.0,87.3
07/09/2026,Tarde,M-01,1783,119.0,39.1
2026-09-07,Tarde,M-02,1014,52.0,23.2
2026-09-08,TARDE,M03,1656,93.0,35.2
2026-09-09,Tarde,M-04,1081,,37.7
2026-09-10,Noche,M-01,1797,120.0,38.3
2026-09-11,Noche,M-02,1464,66.0,"22,5"
2026-09-12,Noche,M-03,906,86.0,31.2
13/09/2026,Noche,m-04,890,40.0,32.0
2026-09-14,MAÑANA,M-01,1850,1852.0,87.6
2026-09-15,Mañana,M-02,952,61.0,28.0
2026-09-16,Mañana,M-03,1484,93.0,23.8
2026-09-17,Mañana,M-04,1430,58.0,41.2
2026-09-18,Tarde,M01,1166,108.0,27.3
2026-09-19,Tarde,M-02,1709,200.0,37.6
20/09/2026,TARDE,M-03,1061,75.0,27.4
2026-09-21,Tarde,M-04,1517,59.0,40.1
2026-09-22,Noche,M-01,927,,"28,1"
2026-09-23,Noche,m-02,1256,103.0,77.9
2026-09-24,Noche,M-03,1263,124.0,36.4
2026-09-25,Noche,M-04,1657,114.0,34.5
2026-09-26,MAÑANA,M-01,940,83.0,23.7
27/09/2026,Mañana,M-02,1384,93.0,22.8
2026-09-28,Mañana,M03,979,58.0,24.9
2026-09-29,Mañana,M-04,1294,51.0,33.8
2026-09-30,Tarde,M-01,1594,181.0,33.6
2026-10-01,Tarde,M-02,970,59.0,33.8
2026-10-02,TARDE,M-03,1095,127.0,88.9
2026-10-03,Tarde,m-04,822,83.0,"23,7"
07/09/2026,Noche,M-01,1076,80.0,40.8
2026-09-07,Noche,M-02,1287,105.0,31.5
2026-09-08,Noche,M-03,1608,96.0,32.4
2026-09-09,Noche,M-04,1067,74.0,22.4
2026-09-10,MAÑANA,M01,1164,129.0,24.8
2026-09-11,Mañana,M-02,1627,130.0,24.2
2026-09-12,Mañana,M-03,1466,81.0,35.2
13/09/2026,Mañana,M-04,1472,140.0,99.3
2026-09-14,Tarde,M-01,1121,126.0,26.6
2026-09-15,Tarde,m-02,907,30.0,33.1
2026-09-16,TARDE,M-03,1347,141.0,"38,2"
2026-09-17,Tarde,M-04,1900,1903.0,41.1
2026-09-18,Noche,M-01,1435,110.0,27.1
2026-09-19,Noche,M-02,1091,125.0,25.3
20/09/2026,Noche,M03,1333,92.0,41.8
2026-09-21,Noche,M-04,844,93.0,37.0
2026-09-22,MAÑANA,M-01,1646,182.0,90.3
2026-09-23,Mañana,M-02,1691,99.0,37.4
2026-09-24,Mañana,M-03,1135,72.0,23.9
2026-09-25,Mañana,m-04,1462,142.0,27.2
2026-09-26,Tarde,M-01,805,42.0,24.5
27/09/2026,Tarde,M-02,1737,182.0,"25,1"
2026-09-28,TARDE,M-03,1547,130.0,39.5
2026-09-29,Tarde,M-04,979,47.0,28.2
2026-09-30,Noche,M01,1799,211.0,32.0
2026-10-01,Noche,M-02,1578,68.0,72.1
2026-10-02,Noche,M-03,974,41.0,35.6
2026-10-03,Noche,M-04,1029,42.0,32.1
07/09/2026,MAÑANA,M-01,1728,142.0,26.0
2026-09-07,Mañana,m-02,1494,153.0,36.3
2026-09-08,Mañana,M-03,884,37.0,24.5
2026-09-09,Mañana,M-04,1539,175.0,30.0
2026-09-10,Tarde,M-01,1774,,"35,3"
2026-09-11,Tarde,M-02,1101,128.0,27.7
2026-09-12,TARDE,M03,1761,57.0,91.6
13/09/2026,Tarde,M-04,1725,150.0,24.1
2026-09-14,Noche,M-01,1524,103.0,41.3
2026-09-15,Noche,M-02,940,79.0,40.7
2026-09-16,Noche,M-03,1539,111.0,37.7
2026-09-17,Noche,m-04,1605,51.0,24.2
2026-09-18,MAÑANA,M-01,1088,111.0,26.7
2026-09-19,Mañana,M-02,1630,127.0,34.1
20/09/2026,Mañana,M-03,1734,146.0,30.3
2026-09-21,Mañana,M-04,1668,,86.9
2026-09-22,Tarde,M01,913,99.0,31.1
2026-09-23,Tarde,M-02,1452,76.0,26.7
2026-09-24,TARDE,M-03,1795,186.0,24.1
2026-09-25,Tarde,M-04,1546,56.0,33.9
2026-09-26,Noche,M-01,1158,121.0,28.2
27/09/2026,Noche,m-02,946,41.0,40.4
2026-09-28,Noche,M-03,1399,78.0,25.1
2026-09-29,Noche,M-04,965,39.0,22.4
2026-09-30,MAÑANA,M-01,1509,69.0,73.6
2026-10-01,Mañana,M-02,855,71.0,35.6
2026-10-02,Mañana,M03,1603,94.0,"32,1"
2026-10-03,Mañana,M-04,1194,130.0,39.0
07/09/2026,Tarde,M-01,1337,62.0,26.7
2026-09-07,Tarde,M-02,843,44.0,33.4
2026-09-08,TARDE,M-03,1749,60.0,29.5
2026-09-09,Tarde,m-04,1216,94.0,24.0
2026-09-10,Noche,M-01,893,31.0,40.5
2026-09-11,Noche,M-02,1634,64.0,102.0
2026-09-12,Noche,M-03,1601,189.0,38.0
13/09/2026,Noche,M-04,1703,171.0,34.8
2026-09-14,MAÑANA,M01,1416,60.0,32.7
2026-09-15,Mañana,M-02,1579,120.0,"39,2"
2026-09-16,Mañana,M-03,1634,106.0,34.8
2026-09-17,Mañana,M-04,1263,68.0,24.8
2026-09-18,Tarde,M-01,1234,83.0,26.7
2026-09-19,Tarde,m-02,1278,81.0,29.3
20/09/2026,TARDE,M-03,1537,,96.3
2026-09-21,Tarde,M-04,1127,64.0,41.0
2026-09-22,Noche,M-01,1471,108.0,28.6
2026-09-23,Noche,M-02,1717,134.0,39.0
2026-09-24,Noche,M03,1289,132.0,32.7
2026-09-25,Noche,M-04,1453,126.0,27.8
2026-09-26,MAÑANA,M-01,976,47.0,"35,9"
27/09/2026,Mañana,M-02,1535,165.0,24.6
2026-09-28,Mañana,M-03,1753,68.0,36.5
2026-09-29,Mañana,m-04,1414,53.0,105.3
2026-09-30,Tarde,M-01,1524,177.0,38.0
2026-10-01,Tarde,M-02,937,78.0,37.7
2026-10-02,TARDE,M-03,1797,207.0,27.1
2026-10-03,Tarde,M-04,1595,133.0,23.9
07/09/2026,Noche,M01,1321,60.0,33.3
2026-09-07,Noche,M-02,1416,115.0,31.3
2026-09-08,Noche,M-03,1479,146.0,38.0
2026-09-09,Noche,M-04,1323,98.0,"34,0"
2026-09-10,MAÑANA,M-01,939,38.0,75.7
2026-09-11,Mañana,m-02,1732,66.0,35.2
2026-09-12,Mañana,M-03,1529,152.0,35.4
13/09/2026,Mañana,M-04,1219,73.0,40.0
2026-09-14,Tarde,M-01,1617,88.0,29.3
2026-09-15,Tarde,M-02,1563,91.0,25.2
2026-09-16,TARDE,M03,1950,1954.0,30.8
2026-09-17,Tarde,M-04,947,61.0,36.6
2026-09-18,Noche,M-01,976,112.0,37.6
2026-09-19,Noche,M-02,1353,99.0,85.1
20/09/2026,Noche,M-03,1452,137.0,"41,0"
2026-09-21,Noche,m-04,1787,,39.0
2026-09-22,MAÑANA,M-01,1678,69.0,33.8
2026-09-23,Mañana,M-02,1437,132.0,22.2
2026-09-24,Mañana,M-03,895,93.0,27.9
2026-09-25,Mañana,M-04,1254,89.0,30.8
2026-09-26,Tarde,M01,812,91.0,37.6
27/09/2026,Tarde,M-02,1102,44.0,41.9
2026-09-28,TARDE,M-03,844,47.0,101.7
2026-09-29,Tarde,M-04,1680,66.0,42.0
2026-09-30,Noche,M-01,823,73.0,23.8
2026-10-01,Noche,m-02,1466,162.0,"22,6"
2026-10-02,Noche,M-03,1046,45.0,37.5
2026-10-03,Noche,M-04,1041,50.0,40.2
07/09/2026,MAÑANA,M-01,1089,36.0,22.1
2026-09-07,Mañana,M-02,1456,50.0,34.1
2026-09-08,Mañana,M03,1781,92.0,39.0
2026-09-09,Mañana,M-04,1602,56.0,100.4
2026-09-10,Tarde,M-01,1769,176.0,36.0
2026-09-11,Tarde,M-02,1728,182.0,22.8
2026-09-12,TARDE,M-03,1256,52.0,32.1
13/09/2026,Tarde,m-04,1001,97.0,34.6
2026-09-14,Noche,M-01,886,39.0,"36,7"
2026-09-15,Noche,M-02,1651,78.0,27.4
2026-09-16,Noche,M-03,900,106.0,34.2
2026-09-17,Noche,M-04,1510,53.0,34.3
2026-09-18,MAÑANA,M01,804,88.0,97.2
2026-09-19,Mañana,M-02,842,38.0,23.8
20/09/2026,Mañana,M-03,1571,186.0,31.2
2026-09-21,Mañana,M-04,983,99.0,34.7
2026-09-22,Tarde,M-01,1673,72.0,40.9
2026-09-23,Tarde,m-02,1372,78.0,33.6
2026-09-24,TARDE,M-03,1338,118.0,40.8
2026-09-25,Tarde,M-04,1500,65.0,"32,2"
2026-09-26,Noche,M-01,1491,108.0,24.4
27/09/2026,Noche,M-02,1204,51.0,81.7
2026-09-28,Noche,M03,893,61.0,34.2
2026-09-29,Noche,M-04,1105,96.0,30.2
2026-09-30,MAÑANA,M-01,953,47.0,33.8
2026-10-01,Mañana,M-02,1209,71.0,22.7
2026-10-02,Mañana,M-03,1098,80.0,26.5
2026-10-03,Mañana,m-04,1218,99.0,33.3
07/09/2026,Tarde,M-01,1390,123.0,35.0
2026-09-07,Tarde,M-02,1502,88.0,37.7
2026-09-08,TARDE,M-03,1143,79.0,94.1
2026-09-09,Tarde,M-04,1349,84.0,32.3
2026-09-10,Noche,M01,1609,177.0,40.4
2026-09-11,Noche,M-02,1537,,32.4
2026-09-12,Noche,M-03,1069,62.0,38.7
13/09/2026,Noche,M-04,1600,119.0,24.3
2026-09-14,MAÑANA,M-01,856,91.0,23.1
2026-09-15,Mañana,m-02,872,48.0,28.7
2026-09-16,Mañana,M-03,1288,75.0,36.9
2026-09-17,Mañana,M-04,973,30.0,101.3
2026-09-18,Tarde,M-01,1506,96.0,25.1
2026-09-19,Tarde,M-02,1657,139.0,"24,4"
20/09/2026,TARDE,M03,1308,152.0,41.9
2026-09-21,Tarde,M-04,1165,116.0,28.2
2026-09-22,Noche,M-01,1571,147.0,29.8
2026-09-23,Noche,M-02,1488,130.0,22.2
2026-09-24,Noche,M-03,1475,114.0,25.3
2026-09-25,Noche,m-04,1009,45.0,38.7
2026-09-26,MAÑANA,M-01,1721,138.0,101.8
27/09/2026,Mañana,M-02,1790,213.0,24.8
2026-09-28,Mañana,M-03,1303,85.0,23.6
2026-09-29,Mañana,M-04,1248,122.0,30.7
2026-09-30,Tarde,M01,1280,56.0,"25,6"
2026-10-01,Tarde,M-02,1269,142.0,22.9
2026-10-02,TARDE,M-03,1432,81.0,31.8
2026-10-03,Tarde,M-04,1033,86.0,31.9
07/09/2026,Noche,M-01,813,42.0,38.9
2026-09-07,Noche,m-02,884,77.0,95.0
2026-09-08,Noche,M-03,1207,119.0,23.2
2026-09-09,Noche,M-04,1470,93.0,32.8
2026-09-10,MAÑANA,M-01,1682,178.0,31.7
2026-09-11,Mañana,M-02,1138,113.0,39.0
2026-09-12,Mañana,M03,1170,131.0,33.7
13/09/2026,Mañana,M-04,1305,139.0,"28,8"
2026-09-14,Tarde,M-01,1383,108.0,24.1
2026-09-15,Tarde,M-02,1299,86.0,40.3
2026-09-16,TARDE,M-03,1429,66.0,83.8
2026-09-17,Tarde,m-04,1431,68.0,22.5
2026-09-18,Noche,M-01,1408,99.0,28.2
2026-09-19,Noche,M-02,1728,145.0,22.1
20/09/2026,Noche,M-03,1215,113.0,34.7
2026-09-21,Noche,M-04,1078,128.0,34.4
2026-09-22,MAÑANA,M01,2000,2005.0,40.1
2026-09-23,Mañana,M-02,1277,121.0,41.3
2026-09-24,Mañana,M-03,1423,,"24,3"
2026-09-25,Mañana,M-04,1582,152.0,87.4
2026-09-26,Tarde,M-01,1450,129.0,41.4
27/09/2026,Tarde,m-02,1353,160.0,27.8
2026-09-28,TARDE,M-03,1622,158.0,28.9
2026-09-29,Tarde,M-04,1534,63.0,22.8
2026-09-30,Noche,M-01,1308,97.0,41.7
2026-10-01,Noche,M-02,1578,113.0,41.6
2026-10-02,Noche,M03,1042,106.0,23.7
2026-10-03,Noche,M-04,1211,97.0,38.0
07/09/2026,MAÑANA,M-01,1066,111.0,72.9
2026-09-07,Mañana,M-02,1725,110.0,"23,0"
2026-09-08,Mañana,M-03,1169,106.0,36.3
2026-09-09,Mañana,m-04,909,91.0,39.3
2026-09-10,Tarde,M-01,1540,157.0,23.0
2026-09-11,Tarde,M-02,1540,79.0,34.4
2026-09-12,TARDE,M-03,1033,31.0,32.3
13/09/2026,Tarde,M-04,1658,151.0,22.6
2026-09-14,Noche,M01,1560,173.0,35.4
2026-09-15,Noche,M-02,1201,62.0,102.4
2026-09-16,Noche,M-03,1324,141.0,28.0
2026-09-17,Noche,M-04,1148,95.0,29.9
2026-09-18,MAÑANA,M-01,914,100.0,"25,8"
2026-09-19,Mañana,m-02,1075,40.0,28.8
20/09/2026,Mañana,M-03,1250,128.0,42.0
2026-09-21,Mañana,M-04,1518,86.0,30.2
2026-09-22,Tarde,M-01,1334,109.0,42.0
2026-09-23,Tarde,M-02,936,87.0,33.9
2026-09-24,TARDE,M03,860,97.0,89.4
2026-09-25,Tarde,M-04,1192,50.0,29.3
2026-09-26,Noche,M-01,882,42.0,22.4
27/09/2026,Noche,M-02,867,61.0,34.7
2026-09-28,Noche,M-03,1681,114.0,41.2
2026-09-29,Noche,m-04,1143,112.0,"32,8"
2026-09-30,MAÑANA,M-01,1781,197.0,26.7
2026-10-01,Mañana,M-02,1084,64.0,40.2
2026-10-02,Mañana,M-03,1106,107.0,33.8
2026-10-03,Mañana,M-04,1330,118.0,82.4
07/09/2026,Tarde,M01,1655,98.0,25.1
2026-09-07,Tarde,M-02,1041,113.0,27.7
2026-09-08,TARDE,M-03,860,87.0,37.7
2026-09-09,Tarde,M-04,1362,95.0,31.5
2026-09-10,Noche,M-01,1750,159.0,38.3
2026-09-11,Noche,m-02,1795,200.0,37.8
07/09/2026,MAÑANA,M01,889,62.0,102.6
2026-09-14,Noche,M-01,965,60.0,41.4
2026-09-21,Mañana,m-04,989,50.0,35.4
2026-09-28,Noche,M-03,1077,77.0,"33,4"
2026-09-23,Noche,m-02,1256,103.0,77.9
2026-09-28,TARDE,M-03,1547,130.0,39.5
07/09/2026,Tarde,M-01,1337,62.0,26.7
2026-09-28,Mañana,M-03,1753,68.0,36.5
2026-09-08,Mañana,M03,1781,92.0,39.0
2026-09-30,Tarde,M01,1280,56.0,"25,6"
2026-09-14,Noche,M01,1560,173.0,35.4
