fecha,turno,maquina,producidas,defectuosas,temperatura,temp_imputada,tasa_defectos
2026-09-07,Mañana,M-01,889,62,39.2,False,6.97
2026-09-07,Mañana,M-02,1574,146,23.9,False,9.28
2026-09-08,Mañana,M-03,1327,131,37.7,False,9.87
2026-09-09,Mañana,M-04,1776,74,31.0,False,4.17
2026-09-10,Tarde,M-01,1300,147,34.9,False,11.31
2026-09-12,Tarde,M-03,1250,100,23.3,False,8.0
2026-09-13,Tarde,M-04,1027,107,34.6,False,10.42
2026-09-14,Noche,M-01,965,60,41.4,False,6.22
2026-09-15,Noche,M-02,1558,172,37.6,False,11.04
2026-09-16,Noche,M-03,1560,112,22.9,False,7.18
2026-09-17,Noche,M-04,994,44,35.7,False,4.43
2026-09-19,Mañana,M-02,1545,98,31.4,False,6.34
2026-09-20,Mañana,M-03,1596,67,31.5,False,4.2
2026-09-21,Mañana,M-04,989,50,35.4,False,5.06
2026-09-22,Tarde,M-01,1741,183,36.0,False,10.51
2026-09-24,Tarde,M-03,1235,80,27.8,False,6.48
2026-09-25,Tarde,M-04,1605,147,24.8,False,9.16
2026-09-26,Noche,M-01,1633,50,37.7,False,3.06
2026-09-27,Noche,M-02,1000,90,36.1,False,9.0
2026-09-28,Noche,M-03,1077,77,33.4,False,7.15
2026-09-29,Noche,M-04,1581,67,24.3,False,4.24
2026-09-30,Mañana,M-01,1240,90,33.3,False,7.26
2026-10-01,Mañana,M-02,1469,145,34.7,False,9.87
2026-10-02,Mañana,M-03,1365,110,28.1,False,8.06
2026-10-03,Mañana,M-04,1354,44,30.7,False,3.25
2026-09-07,Tarde,M-01,1783,119,39.1,False,6.67
2026-09-07,Tarde,M-02,1014,52,23.2,False,5.13
2026-09-08,Tarde,M-03,1656,93,35.2,False,5.62
2026-09-10,Noche,M-01,1797,120,38.3,False,6.68
2026-09-11,Noche,M-02,1464,66,22.5,False,4.51
2026-09-12,Noche,M-03,906,86,31.2,False,9.49
2026-09-13,Noche,M-04,890,40,32.0,False,4.49
2026-09-15,Mañana,M-02,952,61,28.0,False,6.41
2026-09-16,Mañana,M-03,1484,93,23.8,False,6.27
2026-09-17,Mañana,M-04,1430,58,41.2,False,4.06
2026-09-18,Tarde,M-01,1166,108,27.3,False,9.26
2026-09-19,Tarde,M-02,1709,200,37.6,False,11.7
2026-09-20,Tarde,M-03,1061,75,27.4,False,7.07
2026-09-21,Tarde,M-04,1517,59,40.1,False,3.89
2026-09-23,Noche,M-02,1256,103,25.5,False,8.2
2026-09-24,Noche,M-03,1263,124,36.4,False,9.82
2026-09-25,Noche,M-04,1657,114,34.5,False,6.88
2026-09-26,Mañana,M-01,940,83,23.7,False,8.83
2026-09-27,Mañana,M-02,1384,93,22.8,False,6.72
2026-09-28,Mañana,M-03,979,58,24.9,False,5.92
2026-09-29,Mañana,M-04,1294,51,33.8,False,3.94
2026-09-30,Tarde,M-01,1594,181,33.6,False,11.36
2026-10-01,Tarde,M-02,970,59,33.8,False,6.08
2026-10-02,Tarde,M-03,1095,127,31.6,False,11.6
2026-10-03,Tarde,M-04,822,83,23.7,False,10.1
2026-09-07,Noche,M-01,1076,80,40.8,False,7.43
2026-09-07,Noche,M-02,1287,105,31.5,False,8.16
2026-09-08,Noche,M-03,1608,96,32.4,False,5.97
2026-09-09,Noche,M-04,1067,74,22.4,False,6.94
2026-09-10,Mañana,M-01,1164,129,24.8,False,11.08
2026-09-11,Mañana,M-02,1627,130,24.2,False,7.99
2026-09-12,Mañana,M-03,1466,81,35.2,False,5.53
2026-09-13,Mañana,M-04,1472,140,37.4,False,9.51
2026-09-14,Tarde,M-01,1121,126,26.6,False,11.24
2026-09-15,Tarde,M-02,907,30,33.1,False,3.31
2026-09-16,Tarde,M-03,1347,141,38.2,False,10.47
2026-09-18,Noche,M-01,1435,110,27.1,False,7.67
2026-09-19,Noche,M-02,1091,125,25.3,False,11.46
2026-09-20,Noche,M-03,1333,92,41.8,False,6.9
2026-09-21,Noche,M-04,844,93,37.0,False,11.02
2026-09-22,Mañana,M-01,1646,182,32.4,False,11.06
2026-09-23,Mañana,M-02,1691,99,37.4,False,5.85
2026-09-24,Mañana,M-03,1135,72,23.9,False,6.34
2026-09-25,Mañana,M-04,1462,142,27.2,False,9.71
2026-09-26,Tarde,M-01,805,42,24.5,False,5.22
2026-09-27,Tarde,M-02,1737,182,25.1,False,10.48
2026-09-28,Tarde,M-03,1547,130,39.5,False,8.4
2026-09-29,Tarde,M-04,979,47,28.2,False,4.8
2026-09-30,Noche,M-01,1799,211,32.0,False,11.73
2026-10-01,Noche,M-02,1578,68,22.3,False,4.31
2026-10-02,Noche,M-03,974,41,35.6,False,4.21
2026-10-03,Noche,M-04,1029,42,32.1,False,4.08
2026-09-07,Mañana,M-01,1728,142,26.0,False,8.22
2026-09-07,Mañana,M-02,1494,153,36.3,False,10.24
2026-09-08,Mañana,M-03,884,37,24.5,False,4.19
2026-09-09,Mañana,M-04,1539,175,30.0,False,11.37
2026-09-11,Tarde,M-02,1101,128,27.7,False,11.63
2026-09-12,Tarde,M-03,1761,57,33.1,False,3.24
2026-09-13,Tarde,M-04,1725,150,24.1,False,8.7
2026-09-14,Noche,M-01,1524,103,41.3,False,6.76
2026-09-15,Noche,M-02,940,79,40.7,False,8.4
2026-09-16,Noche,M-03,1539,111,37.7,False,7.21
2026-09-17,Noche,M-04,1605,51,24.2,False,3.18
2026-09-18,Mañana,M-01,1088,111,26.7,False,10.2
2026-09-19,Mañana,M-02,1630,127,34.1,False,7.79
2026-09-20,Mañana,M-03,1734,146,30.3,False,8.42
2026-09-22,Tarde,M-01,913,99,31.1,False,10.84
2026-09-23,Tarde,M-02,1452,76,26.7,False,5.23
2026-09-24,Tarde,M-03,1795,186,24.1,False,10.36
2026-09-25,Tarde,M-04,1546,56,33.9,False,3.62
2026-09-26,Noche,M-01,1158,121,28.2,False,10.45
2026-09-27,Noche,M-02,946,41,40.4,False,4.33
2026-09-28,Noche,M-03,1399,78,25.1,False,5.58
2026-09-29,Noche,M-04,965,39,22.4,False,4.04
2026-09-30,Mañana,M-01,1509,69,23.1,False,4.57
2026-10-01,Mañana,M-02,855,71,35.6,False,8.3
2026-10-02,Mañana,M-03,1603,94,32.1,False,5.86
2026-10-03,Mañana,M-04,1194,130,39.0,False,10.89
2026-09-07,Tarde,M-01,1337,62,26.7,False,4.64
2026-09-07,Tarde,M-02,843,44,33.4,False,5.22
2026-09-08,Tarde,M-03,1749,60,29.5,False,3.43
2026-09-09,Tarde,M-04,1216,94,24.0,False,7.73
2026-09-10,Noche,M-01,893,31,40.5,False,3.47
2026-09-11,Noche,M-02,1634,64,38.9,False,3.92
2026-09-12,Noche,M-03,1601,189,38.0,False,11.81
2026-09-13,Noche,M-04,1703,171,34.8,False,10.04
2026-09-14,Mañana,M-01,1416,60,32.7,False,4.24
2026-09-15,Mañana,M-02,1579,120,39.2,False,7.6
2026-09-16,Mañana,M-03,1634,106,34.8,False,6.49
2026-09-17,Mañana,M-04,1263,68,24.8,False,5.38
2026-09-18,Tarde,M-01,1234,83,26.7,False,6.73
2026-09-19,Tarde,M-02,1278,81,29.3,False,6.34
2026-09-21,Tarde,M-04,1127,64,41.0,False,5.68
2026-09-22,Noche,M-01,1471,108,28.6,False,7.34
2026-09-23,Noche,M-02,1717,134,39.0,False,7.8
2026-09-24,Noche,M-03,1289,132,32.7,False,10.24
2026-09-25,Noche,M-04,1453,126,27.8,False,8.67
2026-09-26,Mañana,M-01,976,47,35.9,False,4.82
2026-09-27,Mañana,M-02,1535,165,24.6,False,10.75
2026-09-28,Mañana,M-03,1753,68,36.5,False,3.88
2026-09-29,Mañana,M-04,1414,53,40.7,False,3.75
2026-09-30,Tarde,M-01,1524,177,38.0,False,11.61
2026-10-01,Tarde,M-02,937,78,37.7,False,8.32
2026-10-02,Tarde,M-03,1797,207,27.1,False,11.52
2026-10-03,Tarde,M-04,1595,133,23.9,False,8.34
2026-09-07,Noche,M-01,1321,60,33.3,False,4.54
2026-09-07,Noche,M-02,1416,115,31.3,False,8.12
2026-09-08,Noche,M-03,1479,146,38.0,False,9.87
2026-09-09,Noche,M-04,1323,98,34.0,False,7.41
2026-09-10,Mañana,M-01,939,38,24.3,False,4.05
2026-09-11,Mañana,M-02,1732,66,35.2,False,3.81
2026-09-12,Mañana,M-03,1529,152,35.4,False,9.94
2026-09-13,Mañana,M-04,1219,73,40.0,False,5.99
2026-09-14,Tarde,M-01,1617,88,29.3,False,5.44
2026-09-15,Tarde,M-02,1563,91,25.2,False,5.82
2026-09-17,Tarde,M-04,947,61,36.6,False,6.44
2026-09-18,Noche,M-01,976,112,37.6,False,11.48
2026-09-19,Noche,M-02,1353,99,29.5,False,7.32
2026-09-20,Noche,M-03,1452,137,41.0,False,9.44
2026-09-22,Mañana,M-01,1678,69,33.8,False,4.11
2026-09-23,Mañana,M-02,1437,132,22.2,False,9.19
2026-09-24,Mañana,M-03,895,93,27.9,False,10.39
2026-09-25,Mañana,M-04,1254,89,30.8,False,7.1
2026-09-26,Tarde,M-01,812,91,37.6,False,11.21
2026-09-27,Tarde,M-02,1102,44,41.9,False,3.99
2026-09-28,Tarde,M-03,844,47,38.7,False,5.57
2026-09-29,Tarde,M-04,1680,66,42.0,False,3.93
2026-09-30,Noche,M-01,823,73,23.8,False,8.87
2026-10-01,Noche,M-02,1466,162,22.6,False,11.05
2026-10-02,Noche,M-03,1046,45,37.5,False,4.3
2026-10-03,Noche,M-04,1041,50,40.2,False,4.8
2026-09-07,Mañana,M-01,1089,36,22.1,False,3.31
2026-09-07,Mañana,M-02,1456,50,34.1,False,3.43
2026-09-08,Mañana,M-03,1781,92,39.0,False,5.17
2026-09-09,Mañana,M-04,1602,56,38.0,False,3.5
2026-09-10,Tarde,M-01,1769,176,36.0,False,9.95
2026-09-11,Tarde,M-02,1728,182,22.8,False,10.53
2026-09-12,Tarde,M-03,1256,52,32.1,False,4.14
2026-09-13,Tarde,M-04,1001,97,34.6,False,9.69
2026-09-14,Noche,M-01,886,39,36.7,False,4.4
2026-09-15,Noche,M-02,1651,78,27.4,False,4.72
2026-09-16,Noche,M-03,900,106,34.2,False,11.78
2026-09-17,Noche,M-04,1510,53,34.3,False,3.51
2026-09-18,Mañana,M-01,804,88,36.2,False,10.95
2026-09-19,Mañana,M-02,842,38,23.8,False,4.51
2026-09-20,Mañana,M-03,1571,186,31.2,False,11.84
2026-09-21,Mañana,M-04,983,99,34.7,False,10.07
2026-09-22,Tarde,M-01,1673,72,40.9,False,4.3
2026-09-23,Tarde,M-02,1372,78,33.6,False,5.69
2026-09-24,Tarde,M-03,1338,118,40.8,False,8.82
2026-09-25,Tarde,M-04,1500,65,32.2,False,4.33
2026-09-26,Noche,M-01,1491,108,24.4,False,7.24
2026-09-27,Noche,M-02,1204,51,27.6,False,4.24
2026-09-28,Noche,M-03,893,61,34.2,False,6.83
2026-09-29,Noche,M-04,1105,96,30.2,False,8.69
2026-09-30,Mañana,M-01,953,47,33.8,False,4.93
2026-10-01,Mañana,M-02,1209,71,22.7,False,5.87
2026-10-02,Mañana,M-03,1098,80,26.5,False,7.29
2026-10-03,Mañana,M-04,1218,99,33.3,False,8.13
2026-09-07,Tarde,M-01,1390,123,35.0,False,8.85
2026-09-07,Tarde,M-02,1502,88,37.7,False,5.86
2026-09-08,Tarde,M-03,1143,79,34.5,False,6.91
2026-09-09,Tarde,M-04,1349,84,32.3,False,6.23
2026-09-10,Noche,M-01,1609,177,40.4,False,11.0
2026-09-12,Noche,M-03,1069,62,38.7,False,5.8
2026-09-13,Noche,M-04,1600,119,24.3,False,7.44
2026-09-14,Mañana,M-01,856,91,23.1,False,10.63
2026-09-15,Mañana,M-02,872,48,28.7,False,5.5
2026-09-16,Mañana,M-03,1288,75,36.9,False,5.82
2026-09-17,Mañana,M-04,973,30,38.5,False,3.08
2026-09-18,Tarde,M-01,1506,96,25.1,False,6.37
2026-09-19,Tarde,M-02,1657,139,24.4,False,8.39
2026-09-20,Tarde,M-03,1308,152,41.9,False,11.62
2026-09-21,Tarde,M-04,1165,116,28.2,False,9.96
2026-09-22,Noche,M-01,1571,147,29.8,False,9.36
2026-09-23,Noche,M-02,1488,130,22.2,False,8.74
2026-09-24,Noche,M-03,1475,114,25.3,False,7.73
2026-09-25,Noche,M-04,1009,45,38.7,False,4.46
2026-09-26,Mañana,M-01,1721,138,38.8,False,8.02
2026-09-27,Mañana,M-02,1790,213,24.8,False,11.9
2026-09-28,Mañana,M-03,1303,85,23.6,False,6.52
2026-09-29,Mañana,M-04,1248,122,30.7,False,9.78
2026-09-30,Tarde,M-01,1280,56,25.6,False,4.38
2026-10-01,Tarde,M-02,1269,142,22.9,False,11.19
2026-10-02,Tarde,M-03,1432,81,31.8,False,5.66
2026-10-03,Tarde,M-04,1033,86,31.9,False,8.33
2026-09-07,Noche,M-01,813,42,38.9,False,5.17
2026-09-07,Noche,M-02,884,77,35.0,False,8.71
2026-09-08,Noche,M-03,1207,119,23.2,False,9.86
2026-09-09,Noche,M-04,1470,93,32.8,False,6.33
2026-09-10,Mañana,M-01,1682,178,31.7,False,10.58
2026-09-11,Mañana,M-02,1138,113,39.0,False,9.93
2026-09-12,Mañana,M-03,1170,131,33.7,False,11.2
2026-09-13,Mañana,M-04,1305,139,28.8,False,10.65
2026-09-14,Tarde,M-01,1383,108,24.1,False,7.81
2026-09-15,Tarde,M-02,1299,86,40.3,False,6.62
2026-09-16,Tarde,M-03,1429,66,28.8,False,4.62
2026-09-17,Tarde,M-04,1431,68,22.5,False,4.75
2026-09-18,Noche,M-01,1408,99,28.2,False,7.03
2026-09-19,Noche,M-02,1728,145,22.1,False,8.39
2026-09-20,Noche,M-03,1215,113,34.7,False,9.3
2026-09-21,Noche,M-04,1078,128,34.4,False,11.87
2026-09-23,Mañana,M-02,1277,121,41.3,False,9.48
2026-09-25,Mañana,M-04,1582,152,30.8,False,9.61
2026-09-26,Tarde,M-01,1450,129,41.4,False,8.9
2026-09-27,Tarde,M-02,1353,160,27.8,False,11.83
2026-09-28,Tarde,M-03,1622,158,28.9,False,9.74
2026-09-29,Tarde,M-04,1534,63,22.8,False,4.11
2026-09-30,Noche,M-01,1308,97,41.7,False,7.42
2026-10-01,Noche,M-02,1578,113,41.6,False,7.16
2026-10-02,Noche,M-03,1042,106,23.7,False,10.17
2026-10-03,Noche,M-04,1211,97,38.0,False,8.01
2026-09-07,Mañana,M-01,1066,111,22.7,False,10.41
2026-09-07,Mañana,M-02,1725,110,23.0,False,6.38
2026-09-08,Mañana,M-03,1169,106,36.3,False,9.07
2026-09-09,Mañana,M-04,909,91,39.3,False,10.01
2026-09-10,Tarde,M-01,1540,157,23.0,False,10.19
2026-09-11,Tarde,M-02,1540,79,34.4,False,5.13
2026-09-12,Tarde,M-03,1033,31,32.3,False,3.0
2026-09-13,Tarde,M-04,1658,151,22.6,False,9.11
2026-09-14,Noche,M-01,1560,173,35.4,False,11.09
2026-09-15,Noche,M-02,1201,62,39.1,False,5.16
2026-09-16,Noche,M-03,1324,141,28.0,False,10.65
2026-09-17,Noche,M-04,1148,95,29.9,False,8.28
2026-09-18,Mañana,M-01,914,100,25.8,False,10.94
2026-09-19,Mañana,M-02,1075,40,28.8,False,3.72
2026-09-20,Mañana,M-03,1250,128,42.0,False,10.24
2026-09-21,Mañana,M-04,1518,86,30.2,False,5.67
2026-09-22,Tarde,M-01,1334,109,42.0,False,8.17
2026-09-23,Tarde,M-02,936,87,33.9,False,9.29
2026-09-24,Tarde,M-03,860,97,31.9,False,11.28
2026-09-25,Tarde,M-04,1192,50,29.3,False,4.19
2026-09-26,Noche,M-01,882,42,22.4,False,4.76
2026-09-27,Noche,M-02,867,61,34.7,False,7.04
2026-09-28,Noche,M-03,1681,114,41.2,False,6.78
2026-09-29,Noche,M-04,1143,112,32.8,False,9.8
2026-09-30,Mañana,M-01,1781,197,26.7,False,11.06
2026-10-01,Mañana,M-02,1084,64,40.2,False,5.9
2026-10-02,Mañana,M-03,1106,107,33.8,False,9.67
2026-10-03,Mañana,M-04,1330,118,28.0,False,8.87
2026-09-07,Tarde,M-01,1655,98,25.1,False,5.92
2026-09-07,Tarde,M-02,1041,113,27.7,False,10.85
2026-09-08,Tarde,M-03,860,87,37.7,False,10.12
2026-09-09,Tarde,M-04,1362,95,31.5,False,6.98
2026-09-10,Noche,M-01,1750,159,38.3,False,9.09
2026-09-11,Noche,M-02,1795,200,37.8,False,11.14
